epoch,time,train/box_loss,train/cls_loss,train/dfl_loss,metrics/precision(B),metrics/recall(B),metrics/mAP50(B),metrics/mAP50-95(B),val/box_loss,val/cls_loss,val/dfl_loss,lr/pg0,lr/pg1,lr/pg2,lr/pg3,lr/pg4,lr/pg5,lr/pg6,lr/pg7
1,691.591,1.7501,1.64501,1.28966,0.56899,0.20894,0.21092,0.10724,1.63374,1.25211,1.24661,0.00999431,0.00333144,0.00999431,0.00333144,0.00999431,0.00333144,0.00999431,0.00333144
2,1293.1,1.64403,1.2434,1.21955,0.49057,0.19366,0.19566,0.09584,1.66486,1.28059,1.26948,0.0194995,0.00649982,0.0194995,0.00649982,0.0194995,0.00649982,0.0194995,0.00649982
3,1863.07,1.67833,1.279,1.24521,0.54881,0.19638,0.19568,0.09575,1.67772,1.30409,1.29117,0.0285096,0.0095032,0.0285096,0.0095032,0.0285096,0.0095032,0.0285096,0.0095032
4,2415.93,1.66537,1.26273,1.24578,0.57683,0.22026,0.22031,0.11054,1.62345,1.22146,1.27724,0.0277725,0.0092575,0.0277725,0.0092575,0.0277725,0.0092575,0.0277725,0.0092575
5,2964.42,1.60406,1.17474,1.21552,0.51461,0.23252,0.23247,0.11922,1.59078,1.17437,1.25386,0.02703,0.00901,0.02703,0.00901,0.02703,0.00901,0.02703,0.00901
6,3524.14,1.55622,1.11439,1.19269,0.54946,0.24043,0.24393,0.12572,1.57175,1.13686,1.24417,0.0262875,0.0087625,0.0262875,0.0087625,0.0262875,0.0087625,0.0262875,0.0087625
7,4075.92,1.52247,1.07236,1.17515,0.54802,0.23813,0.25179,0.12951,1.5708,1.12438,1.23727,0.025545,0.008515,0.025545,0.008515,0.025545,0.008515,0.025545,0.008515
8,4625.94,1.49058,1.03272,1.1617,0.56335,0.24341,0.25682,0.13296,1.55584,1.11268,1.22629,0.0248025,0.0082675,0.0248025,0.0082675,0.0248025,0.0082675,0.0248025,0.0082675
9,5175.91,1.46572,1.00616,1.14789,0.51658,0.25349,0.26355,0.13885,1.5444,1.09463,1.22234,0.02406,0.00802,0.02406,0.00802,0.02406,0.00802,0.02406,0.00802
10,5724.21,1.44082,0.97905,1.13767,0.57666,0.25227,0.26442,0.1387,1.53994,1.09653,1.2181,0.0233175,0.0077725,0.0233175,0.0077725,0.0233175,0.0077725,0.0233175,0.0077725
11,6273.84,1.42194,0.96003,1.12765,0.57104,0.25585,0.27067,0.1412,1.53544,1.08087,1.2193,0.022575,0.007525,0.022575,0.007525,0.022575,0.007525,0.022575,0.007525
12,6824.02,1.40338,0.93711,1.11932,0.52985,0.26811,0.2754,0.14364,1.53067,1.06857,1.21165,0.0218325,0.0072775,0.0218325,0.0072775,0.0218325,0.0072775,0.0218325,0.0072775
13,7374.91,1.38658,0.92159,1.11353,0.4797,0.2636,0.27477,0.14486,1.52986,1.06699,1.211,0.02109,0.00703,0.02109,0.00703,0.02109,0.00703,0.02109,0.00703
14,7920.34,1.36918,0.90588,1.10508,0.53962,0.25915,0.2752,0.14289,1.53198,1.07098,1.20987,0.0203475,0.0067825,0.0203475,0.0067825,0.0203475,0.0067825,0.0203475,0.0067825
15,8466.8,1.35255,0.88967,1.09821,0.5373,0.26581,0.2802,0.14591,1.5249,1.06271,1.20672,0.019605,0.006535,0.019605,0.006535,0.019605,0.006535,0.019605,0.006535
16,9015.86,1.33996,0.8769,1.09288,0.5462,0.26888,0.28357,0.14763,1.52024,1.05488,1.20469,0.0188625,0.0062875,0.0188625,0.0062875,0.0188625,0.0062875,0.0188625,0.0062875
17,9565.04,1.32613,0.86223,1.08516,0.53517,0.27406,0.28523,0.1513,1.51453,1.05576,1.19965,0.01812,0.00604,0.01812,0.00604,0.01812,0.00604,0.01812,0.00604
18,10114.5,1.31527,0.85399,1.08111,0.49919,0.2667,0.28274,0.14779,1.51695,1.05903,1.20335,0.0173775,0.0057925,0.0173775,0.0057925,0.0173775,0.0057925,0.0173775,0.0057925
19,10661.3,1.30115,0.83962,1.07328,0.49743,0.27457,0.28603,0.14957,1.51853,1.0661,1.19932,0.016635,0.005545,0.016635,0.005545,0.016635,0.005545,0.016635,0.005545
20,11205.8,1.28953,0.83032,1.06995,0.49667,0.27883,0.2881,0.15141,1.52042,1.06513,1.20222,0.0158925,0.0052975,0.0158925,0.0052975,0.0158925,0.0052975,0.0158925,0.0052975
21,11749.3,1.27775,0.81877,1.06553,0.5137,0.26533,0.2886,0.1522,1.51604,1.06725,1.19992,0.01515,0.00505,0.01515,0.00505,0.01515,0.00505,0.01515,0.00505
22,12293.5,1.26747,0.81176,1.06183,0.55677,0.2689,0.28792,0.14932,1.51561,1.05995,1.1987,0.0144075,0.0048025,0.0144075,0.0048025,0.0144075,0.0048025,0.0144075,0.0048025
23,12839.4,1.25555,0.79895,1.05384,0.57051,0.26477,0.28776,0.14894,1.51262,1.06031,1.19879,0.013665,0.004555,0.013665,0.004555,0.013665,0.004555,0.013665,0.004555
24,13385.8,1.24362,0.79012,1.05001,0.5576,0.27101,0.2858,0.1475,1.51732,1.0637,1.20128,0.0129225,0.0043075,0.0129225,0.0043075,0.0129225,0.0043075,0.0129225,0.0043075
25,13930.6,1.23202,0.78052,1.04551,0.50539,0.26532,0.28571,0.14863,1.51597,1.06666,1.19976,0.01218,0.00406,0.01218,0.00406,0.01218,0.00406,0.01218,0.00406
26,14476.4,1.22256,0.77298,1.042,0.51125,0.26818,0.28747,0.14996,1.51789,1.06953,1.20061,0.0114375,0.0038125,0.0114375,0.0038125,0.0114375,0.0038125,0.0114375,0.0038125
27,15023.1,1.21164,0.76246,1.03641,0.51448,0.27368,0.29124,0.15238,1.51768,1.06598,1.20028,0.010695,0.003565,0.010695,0.003565,0.010695,0.003565,0.010695,0.003565
28,15568.9,1.20311,0.75772,1.03448,0.50467,0.27265,0.29093,0.1524,1.51739,1.06757,1.19905,0.0099525,0.0033175,0.0099525,0.0033175,0.0099525,0.0033175,0.0099525,0.0033175
29,16113.1,1.19181,0.74749,1.02819,0.50942,0.27063,0.2906,0.1515,1.51756,1.07116,1.20004,0.00921,0.00307,0.00921,0.00307,0.00921,0.00307,0.00921,0.00307
30,16657.7,1.18062,0.7387,1.02473,0.5126,0.26855,0.29056,0.15068,1.51838,1.07425,1.20072,0.0084675,0.0028225,0.0084675,0.0028225,0.0084675,0.0028225,0.0084675,0.0028225
31,17192.6,1.14173,0.68869,1.01382,0.51224,0.26619,0.2903,0.15077,1.51896,1.07201,1.2003,0.007725,0.002575,0.007725,0.002575,0.007725,0.002575,0.007725,0.002575
32,17724.8,1.12466,0.6763,1.00648,0.51205,0.2663,0.28959,0.15097,1.52074,1.07131,1.20088,0.0069825,0.0023275,0.0069825,0.0023275,0.0069825,0.0023275,0.0069825,0.0023275
33,18257.1,1.10963,0.66684,1.00217,0.51727,0.26578,0.28967,0.15085,1.52223,1.07084,1.20186,0.00624,0.00208,0.00624,0.00208,0.00624,0.00208,0.00624,0.00208
34,18790.1,1.09828,0.65862,0.99688,0.50677,0.27069,0.28883,0.1509,1.52286,1.07169,1.20212,0.0054975,0.0018325,0.0054975,0.0018325,0.0054975,0.0018325,0.0054975,0.0018325
35,19323.5,1.08408,0.64917,0.99249,0.50749,0.26958,0.28848,0.15078,1.52381,1.07468,1.20311,0.004755,0.001585,0.004755,0.001585,0.004755,0.001585,0.004755,0.001585
36,19855.8,1.06828,0.63874,0.98661,0.5086,0.26961,0.28784,0.15021,1.52569,1.07808,1.20428,0.0040125,0.0013375,0.0040125,0.0013375,0.0040125,0.0013375,0.0040125,0.0013375
37,20387.3,1.05679,0.63038,0.98157,0.5036,0.27022,0.28688,0.14989,1.52675,1.0804,1.20492,0.00327,0.00109,0.00327,0.00109,0.00327,0.00109,0.00327,0.00109
38,20918.2,1.04507,0.62315,0.97767,0.50619,0.26845,0.28605,0.14929,1.52793,1.08369,1.20593,0.0025275,0.0008425,0.0025275,0.0008425,0.0025275,0.0008425,0.0025275,0.0008425
39,21449.7,1.03209,0.61468,0.97437,0.50678,0.26754,0.28533,0.14885,1.52925,1.08713,1.20684,0.001785,0.000595,0.001785,0.000595,0.001785,0.000595,0.001785,0.000595
40,21981.8,1.02232,0.60875,0.97025,0.50802,0.26607,0.28493,0.14843,1.53052,1.09063,1.20796,0.0010425,0.0003475,0.0010425,0.0003475,0.0010425,0.0003475,0.0010425,0.0003475
